Month,Black,Blue,Brown,Green,Gray,Orange,Pink,Purple,Red,White,Yellow,Jacket,Dress Shirt,Hoodie,Pants,Polo,Sweater,T-Shirt,Dress,Shirt,Skirt,Acne Studios,Alexander McQueen,Alexander Wang,Ann Demeulemeester,Armani,Azzedine Alaia,Balenciaga,Balmain,Bottega Veneta,Bulgari,Burberry,Calvin Klein,Carolina Herrera,Cartier,Celine,Chanel,Chloe,Christian Dior,Christian Louboutin,Coach,Comme des Garcons,Derek Lam,Diane von Furstenberg,Dior,DKNY,Dolce & Gabbana,Ermenegildo Zegna,Fendi,Givenchy,Gucci,Helmut Lang,Hermes,Hugo Boss,Jason Wu,Jean-Paul Gaultier,Jeremy Scott,Jimmy Choo,Karl Lagerfeld,Kate Spade New York,Kenzo,Kris Van Assche,Lacoste,Loewe,Louis Vuitton,Maison Margiela,Manolo Blahnik,Marc Jacobs,Marni,Martin Margiela,Max Mara,MCM,Michael Kors,Miu Miu,Moschino,Oscar de la Renta,Phillip Lim,Prada,Ralph Lauren,Salvatore Ferragamo,The Trump Organization,Thom Browne,Tiffany & Co,Tom Ford,Tommy Hilfiger,Tory Burch,Valentino,Vera Wang,Versace,Vivienne Westwood,Walter van Beirendonck,Yohji Yamamoto,Yves Saint Laurent
1-Jan-04,33,46,32,46,23,33,38,32,42,40,77,37,32,12,52,25,19,63,36,50,44,12,0,0,90,49,18,7,3,24,53,63,57,37,70,48,40,32,69,1,39,24,15,28,65,73,34,72,55,30,55,87,57,58,1,86,3,18,29,21,25,12,29,64,66,4,73,6,17,13,69,97,16,34,31,7,1,37,51,38,42,12,65,9,58,1,51,68,53,55,87,43,26
1-Feb-04,33,47,30,48,23,33,39,34,42,39,75,27,31,10,48,26,16,65,35,53,43,11,0,0,67,51,30,12,3,30,53,58,58,41,69,46,44,34,69,2,41,20,35,32,69,70,38,74,58,30,53,89,59,57,1,73,5,21,24,22,25,18,31,61,63,3,100,12,15,12,76,100,23,39,32,8,0,37,52,42,36,12,65,11,54,1,56,66,56,55,68,33,30
1-Mar-04,35,46,30,51,23,34,38,36,41,39,76,21,34,9,45,30,13,71,38,57,45,16,0,0,82,50,24,10,2,33,52,52,62,42,64,51,43,30,72,2,38,18,25,31,73,65,37,74,57,34,54,97,55,57,1,78,5,21,24,21,24,44,38,70,60,3,100,10,17,10,75,90,14,39,38,8,1,38,51,38,24,12,57,13,55,2,49,57,55,60,68,31,29
1-Apr-04,33,46,30,48,23,35,40,37,42,40,78,18,37,8,45,38,12,76,34,61,44,14,0,0,43,52,24,8,2,28,54,51,57,36,67,48,43,36,70,2,40,20,36,38,68,72,37,94,54,29,54,85,56,57,0,71,4,20,17,25,25,12,43,70,62,4,80,9,13,10,73,81,20,40,31,7,0,37,56,38,55,11,57,8,58,2,46,48,53,67,76,35,25
1-May-04,33,47,30,50,23,36,40,38,43,41,77,16,37,6,45,42,10,80,31,63,47,14,100,0,43,49,27,9,3,33,58,49,54,41,72,50,44,33,72,2,40,18,17,33,71,61,36,79,52,31,54,94,58,55,1,62,4,17,20,21,24,20,49,68,62,2,71,6,17,8,73,76,29,42,32,7,0,38,54,42,25,10,60,6,54,2,46,52,53,59,61,33,28
1-Jun-04,33,47,30,52,23,46,38,36,42,42,84,16,35,6,42,47,10,86,28,67,47,16,0,0,49,44,22,11,3,30,59,48,53,46,74,47,44,32,70,2,38,18,28,43,69,64,36,72,56,33,53,86,55,51,1,63,5,15,21,20,25,0,54,65,61,4,70,5,13,8,64,68,17,36,32,6,1,35,58,37,12,9,60,6,56,3,40,53,49,56,76,28,26
1-Jul-04,34,48,31,49,23,38,40,35,43,43,87,18,33,8,44,44,11,86,27,69,46,15,0,0,52,46,44,12,3,36,57,46,52,37,74,47,43,35,72,2,40,24,15,38,70,68,36,78,56,31,53,92,55,51,1,69,7,20,26,19,23,10,54,56,62,6,65,8,14,11,62,76,18,38,29,5,2,37,55,42,19,6,60,6,55,1,43,54,55,50,43,27,26
1-Aug-04,35,47,32,50,23,36,41,37,42,42,82,23,32,10,46,45,13,86,28,69,46,20,0,0,42,43,23,14,3,41,55,48,52,38,74,47,44,36,72,2,41,20,14,33,69,65,35,66,57,28,53,82,53,48,1,55,4,20,19,21,24,10,55,58,61,4,65,10,15,8,76,69,19,42,32,7,0,38,57,41,12,14,61,5,57,2,40,55,51,52,37,33,24
1-Sep-04,34,47,33,50,24,37,41,35,42,43,84,28,35,12,45,39,17,79,30,64,47,21,89,0,77,47,20,15,3,40,66,53,52,42,70,48,43,34,75,3,38,28,35,36,72,67,38,83,53,30,54,79,55,57,1,67,6,20,33,21,25,9,60,73,61,4,86,12,14,11,100,63,21,43,33,8,1,37,56,39,27,12,60,5,57,2,41,57,51,56,50,36,27
1-Oct-04,35,46,34,52,23,37,46,35,45,43,80,41,35,17,53,34,23,76,31,64,45,19,92,0,90,50,34,19,3,30,62,61,50,45,73,49,44,34,73,3,40,25,17,37,72,73,38,74,57,30,54,98,58,60,1,68,4,19,37,20,24,0,58,72,57,4,64,12,14,14,100,74,25,44,32,7,1,39,58,38,24,11,61,9,59,3,51,55,52,61,74,39,29
1-Nov-04,33,47,33,50,23,37,44,35,44,42,76,47,35,19,55,35,28,71,31,60,43,18,0,0,84,54,24,23,3,33,73,71,54,46,80,46,55,34,78,2,49,25,23,35,77,80,41,87,63,35,59,100,60,69,1,72,5,19,100,21,28,0,60,78,59,7,72,11,12,15,91,56,31,37,31,8,0,41,62,51,26,11,74,9,62,1,43,55,55,65,83,31,32
1-Dec-04,35,49,35,48,22,37,47,34,45,45,80,54,41,23,61,38,34,77,28,66,45,20,0,0,57,66,20,29,3,39,86,91,66,56,100,50,68,36,91,3,73,25,14,37,89,100,48,95,74,46,75,99,69,76,1,92,4,21,41,33,37,17,80,88,69,3,83,12,14,11,91,60,25,38,39,8,1,47,71,49,44,15,100,7,69,1,43,54,62,71,56,43,32
1-Jan-05,34,49,34,48,22,36,43,33,43,50,82,38,34,13,54,30,20,65,39,52,43,18,0,0,73,49,24,29,2,36,61,59,48,50,70,48,51,39,76,3,44,24,28,35,75,73,40,66,57,29,57,100,57,56,1,65,3,21,31,23,23,7,53,74,53,3,78,17,17,10,85,56,44,40,31,11,0,38,56,41,32,14,66,8,51,1,45,67,57,64,56,37,25
1-Feb-05,35,49,35,48,22,35,45,35,46,45,85,27,34,13,54,33,16,68,40,56,44,23,0,0,73,51,45,33,3,38,62,53,49,51,69,45,53,45,79,4,45,24,21,40,79,68,42,86,60,30,59,88,56,56,1,65,5,25,28,21,26,35,60,72,60,4,82,13,15,12,89,52,29,46,36,10,1,38,56,41,34,13,69,6,51,1,53,66,60,66,48,35,26
1-Mar-05,33,48,35,50,23,37,43,35,43,45,83,22,32,11,51,38,14,71,41,57,44,20,0,0,44,50,29,38,3,46,61,51,47,52,64,47,51,50,83,3,47,20,27,40,79,73,43,78,57,29,59,72,55,56,1,66,5,22,26,21,26,33,66,58,57,5,74,13,18,10,94,57,24,41,34,9,0,39,57,39,22,10,56,5,53,1,51,59,61,64,100,41,26
1-Apr-05,34,49,36,51,23,38,44,38,45,47,84,19,36,10,51,45,12,80,39,62,47,21,0,0,54,50,32,38,3,44,60,46,47,50,63,48,51,51,80,3,47,23,15,44,81,76,42,100,57,30,55,62,52,58,1,66,5,20,26,19,25,11,70,62,54,4,63,11,17,12,91,46,16,48,35,8,0,37,55,45,29,11,57,8,51,5,52,51,58,63,56,43,29
1-May-05,34,49,36,51,24,37,45,38,46,48,84,17,38,10,58,47,11,82,34,63,49,20,64,0,59,49,33,34,2,40,61,46,45,53,66,43,54,48,84,3,47,20,32,45,83,67,41,84,61,31,57,76,50,57,1,60,5,24,25,19,25,19,77,53,54,4,64,12,17,9,80,50,12,38,37,8,0,36,59,43,46,14,59,5,51,6,50,57,56,58,55,36,28
1-Jun-05,33,49,37,50,23,36,43,36,45,48,89,16,37,8,65,55,9,85,31,65,50,20,0,0,76,51,27,37,3,41,64,42,46,45,69,46,52,48,80,3,44,22,24,44,79,62,41,83,53,29,56,59,64,55,0,54,4,20,27,17,26,19,79,60,53,3,56,11,16,9,68,41,14,39,32,7,1,35,61,44,14,15,57,5,54,3,57,51,57,59,40,30,25
1-Jul-05,34,48,38,50,23,38,46,35,44,47,87,18,35,8,51,54,11,88,32,69,50,22,66,0,45,47,30,41,3,44,65,43,47,42,71,44,54,54,81,4,47,26,26,41,81,65,43,63,69,30,56,65,58,56,0,60,5,21,23,19,24,39,81,56,52,4,60,10,16,13,69,54,34,42,35,7,1,35,62,39,26,13,59,4,59,3,52,58,50,57,64,34,26
1-Aug-05,35,49,38,51,23,38,47,35,44,47,85,23,36,11,53,50,13,88,32,70,47,24,0,0,55,47,28,41,2,50,64,43,48,48,68,43,51,64,79,3,48,19,17,42,80,71,47,64,73,29,57,72,51,56,1,55,4,20,23,19,23,38,80,58,53,5,56,15,14,12,84,53,31,43,31,7,2,35,59,38,10,13,60,4,59,2,49,54,51,55,39,28,25
1-Sep-05,36,47,39,50,23,38,46,35,42,48,88,28,39,13,49,45,17,81,34,65,45,25,0,0,67,49,31,39,3,47,65,47,48,51,69,43,51,66,82,3,43,20,52,47,80,66,47,66,72,30,58,66,58,57,0,65,7,21,25,17,24,32,76,66,50,5,68,15,15,13,97,44,25,47,32,8,1,36,57,45,18,13,57,4,55,2,53,53,53,72,71,33,28
1-Oct-05,38,51,40,51,24,40,52,37,45,48,84,41,37,20,57,38,24,75,35,62,47,27,0,0,90,51,30,40,3,45,68,56,49,50,67,45,54,69,81,3,46,21,23,44,81,67,48,84,74,33,56,52,56,59,1,84,4,20,25,16,27,38,73,75,53,4,66,15,16,13,86,41,17,46,33,8,1,37,60,40,27,18,61,8,53,2,48,51,53,70,47,34,28
1-Nov-05,36,49,41,51,23,38,57,36,45,46,83,52,35,23,56,38,30,74,35,61,44,25,54,0,57,55,31,33,3,43,82,68,53,52,77,44,57,67,88,4,58,21,47,44,87,82,52,72,81,36,62,75,57,69,1,78,3,20,23,19,28,40,79,79,53,5,60,17,14,9,95,38,16,41,33,8,1,38,64,43,19,13,76,10,57,2,46,54,54,71,58,35,28
1-Dec-05,37,47,38,48,23,34,59,38,46,48,84,58,40,28,60,41,36,77,33,65,45,32,53,0,36,67,30,34,3,49,92,85,65,65,93,44,69,70,100,5,84,22,45,47,100,100,66,77,100,44,75,68,67,83,1,100,4,22,31,26,35,24,100,96,63,4,56,21,12,13,83,55,27,50,40,8,1,43,74,51,32,9,98,10,62,3,47,58,59,78,43,29,31
1-Jan-06,35,45,37,49,23,36,51,36,43,49,85,33,34,17,51,32,19,63,42,52,42,31,46,0,80,48,29,30,3,43,68,52,46,55,72,42,56,73,79,4,49,21,33,47,80,63,52,70,77,30,57,56,55,56,1,67,5,23,26,17,26,51,65,72,48,5,61,20,15,12,80,67,24,47,31,8,1,36,53,40,23,14,62,10,48,3,48,69,54,72,64,34,26
1-Feb-06,35,46,36,49,23,38,57,37,45,48,85,27,34,15,48,34,17,68,43,55,41,33,0,0,95,52,35,32,3,49,63,48,46,56,69,42,56,71,84,6,48,23,58,51,84,64,55,73,77,30,57,57,53,55,2,65,4,31,31,16,25,58,69,62,50,6,56,21,13,12,80,42,20,50,35,9,3,36,52,39,29,13,66,25,47,3,62,64,54,74,37,34,27
1-Mar-06,36,46,37,52,24,37,54,38,42,49,86,22,33,14,45,38,14,70,44,55,42,36,0,0,51,50,29,36,3,50,64,46,44,53,62,40,57,80,85,6,49,18,37,58,85,61,55,68,73,30,57,47,50,56,1,62,5,32,24,16,24,43,77,65,49,6,56,24,14,11,95,41,23,51,35,7,2,36,52,41,44,13,55,12,48,3,53,63,55,62,33,26,27
1-Apr-06,35,47,39,52,24,41,57,41,46,51,87,19,36,13,47,45,12,75,43,59,46,34,0,0,94,55,30,30,3,48,65,45,45,53,65,48,60,75,87,8,52,19,36,59,86,61,57,72,76,29,58,42,49,55,1,56,4,26,20,16,25,49,87,58,51,5,53,22,15,9,81,38,23,47,30,10,2,39,57,44,26,15,57,10,51,3,46,57,53,59,27,29,27
1-May-06,35,47,38,52,24,44,56,41,45,52,92,17,38,12,46,50,11,81,39,63,45,29,0,0,100,52,32,27,2,46,70,43,45,50,71,42,59,70,85,8,52,19,35,54,85,57,55,73,71,29,57,42,51,53,1,55,4,22,20,16,24,41,83,62,50,5,47,18,14,9,74,30,17,45,31,8,3,42,56,42,21,12,58,10,53,3,44,53,54,59,41,29,26
1-Jun-06,34,47,37,50,22,50,54,37,46,53,100,16,36,10,45,54,10,85,36,68,46,26,43,0,63,48,28,32,3,46,69,39,46,47,70,39,58,69,77,7,53,19,36,53,78,52,61,75,75,29,55,43,47,52,1,50,6,21,22,17,23,38,83,64,49,4,49,16,13,9,69,33,23,41,31,6,4,61,57,42,15,14,56,9,52,4,42,53,49,51,39,30,25
1-Jul-06,34,47,38,50,23,37,56,38,46,52,98,17,35,10,45,54,11,83,35,65,44,29,0,0,58,49,24,35,3,49,71,41,44,47,68,38,62,70,77,9,55,20,39,47,78,59,68,63,75,28,58,37,47,51,1,48,4,26,17,19,23,65,80,52,49,4,58,23,14,9,62,38,19,48,29,6,6,86,58,41,15,14,57,10,50,4,42,60,49,51,17,31,24
1-Aug-06,36,46,39,50,24,40,56,38,44,52,94,23,34,15,47,50,13,79,35,62,42,35,0,0,90,49,24,32,3,52,67,45,44,51,69,39,62,77,76,9,57,19,41,56,76,62,69,59,76,29,58,35,49,58,2,49,5,31,22,18,24,63,84,53,52,3,57,26,15,11,84,28,14,50,31,6,7,55,60,43,15,17,60,8,51,4,46,75,49,52,20,28,28
1-Sep-06,35,44,38,50,24,39,55,39,44,52,97,30,36,22,45,43,18,70,37,57,41,35,0,0,81,52,32,33,3,50,71,52,45,58,68,40,61,76,76,8,56,19,56,53,77,67,68,64,80,33,58,41,53,60,2,52,7,24,21,16,28,53,85,55,51,5,51,26,17,11,97,30,11,52,33,7,7,65,58,43,17,18,57,8,49,5,42,71,49,58,38,29,28
1-Oct-06,36,44,39,51,24,40,58,39,47,52,93,43,37,28,47,36,24,64,37,55,42,33,34,0,67,55,35,32,3,48,70,55,46,52,66,39,61,72,76,8,55,19,37,47,77,67,70,80,75,34,57,37,54,63,1,70,6,24,25,14,30,56,72,61,50,7,49,22,16,12,88,31,11,51,30,7,6,100,55,43,18,27,59,8,47,6,45,60,52,59,59,29,31
1-Nov-06,35,43,38,49,23,36,61,37,45,52,89,48,37,32,50,35,29,64,37,54,42,31,0,0,62,61,34,30,3,53,75,66,51,53,76,37,68,72,82,8,70,18,36,54,83,73,76,71,76,38,61,49,57,71,1,67,6,25,28,18,31,53,71,61,53,5,46,23,13,12,79,39,15,55,31,7,7,72,62,46,11,19,73,10,53,7,45,61,52,64,46,30,32
1-Dec-06,36,43,38,47,22,34,64,36,47,53,89,51,42,39,55,37,34,71,35,60,47,30,0,0,49,79,28,33,4,62,97,84,63,63,96,39,83,83,94,9,100,21,46,55,95,100,100,81,92,49,74,40,67,85,1,92,5,25,36,22,40,59,94,74,63,6,43,29,14,12,79,43,15,59,34,8,6,77,69,54,14,17,100,10,59,9,46,65,58,70,35,27,38
1-Jan-07,34,42,37,47,23,34,53,33,42,53,92,34,36,25,47,30,20,56,43,45,39,35,0,0,68,51,29,32,3,57,73,54,42,53,65,39,64,72,75,8,61,18,58,47,77,60,72,67,72,31,55,30,52,58,1,55,7,26,26,15,26,77,59,61,51,5,47,24,15,12,80,38,10,65,27,7,7,68,49,42,24,18,60,10,47,12,47,69,48,56,50,28,29
1-Feb-07,34,43,36,48,23,36,54,34,45,51,89,29,34,25,45,31,17,59,46,47,41,30,0,0,76,52,31,31,3,56,74,48,42,54,62,39,65,73,76,9,58,18,71,57,77,59,73,66,71,31,55,34,50,55,2,54,7,28,26,15,25,43,61,51,49,7,50,29,15,12,79,41,17,62,27,9,10,69,49,43,14,19,62,10,46,11,58,71,52,60,47,31,28
1-Mar-07,33,42,36,52,23,37,52,36,44,51,89,21,36,21,43,37,13,62,46,49,44,31,0,0,75,52,33,32,3,62,69,46,42,50,61,38,66,76,76,9,58,17,48,53,78,56,74,68,70,31,55,40,52,55,1,54,9,27,24,14,25,73,67,56,49,6,49,28,17,10,84,35,12,65,28,8,9,72,49,43,14,20,54,11,48,15,51,57,56,59,38,30,30
1-Apr-07,34,44,38,54,23,41,53,38,44,53,88,18,38,20,43,45,12,69,46,53,45,30,0,0,49,52,31,27,3,58,69,44,45,50,62,45,67,71,75,9,59,16,42,58,76,56,67,68,69,30,56,34,48,53,1,52,7,24,24,15,26,100,74,55,56,6,40,30,16,10,79,44,11,63,28,8,8,75,51,42,15,20,56,15,50,13,47,57,53,51,39,26,29
1-May-07,35,46,37,54,24,38,54,40,46,53,88,17,40,16,41,48,10,74,42,56,47,31,25,0,47,52,26,29,3,58,72,42,45,49,67,41,65,66,74,8,56,17,50,55,75,55,65,65,66,30,53,27,50,54,1,54,11,24,27,13,27,60,75,54,57,6,38,30,17,10,75,32,13,59,28,8,13,66,52,43,10,17,58,15,49,12,50,50,51,55,35,26,30
1-Jun-07,36,45,37,54,24,41,54,38,45,57,94,16,42,15,42,54,10,76,41,57,46,29,26,0,48,51,30,30,3,65,75,42,44,50,71,40,62,65,73,9,54,18,44,53,72,52,67,70,66,29,53,28,50,54,1,50,8,24,21,14,25,44,80,50,51,5,37,31,16,10,67,29,16,58,28,6,10,68,55,43,15,17,56,15,45,10,46,56,48,50,24,23,29
1-Jul-07,36,45,39,56,24,41,55,38,47,55,92,18,40,17,41,50,11,75,41,58,43,30,25,0,71,51,31,30,3,65,77,43,44,49,70,37,63,67,70,10,57,19,32,50,73,51,64,65,68,29,55,31,49,53,1,47,20,25,27,14,23,80,76,47,50,5,38,35,18,10,67,31,13,64,28,6,12,74,54,44,9,20,56,16,45,11,55,58,50,46,35,25,29
1-Aug-07,38,45,40,54,25,41,53,38,46,53,85,22,35,20,43,49,13,75,40,60,42,35,24,0,37,51,39,33,3,64,72,45,43,47,65,38,64,71,67,12,57,19,41,45,67,59,61,68,71,30,52,31,50,53,1,42,17,25,24,14,23,63,75,49,52,5,41,40,18,12,77,38,16,68,27,6,11,69,53,45,12,20,57,15,45,11,48,64,48,45,32,25,27
1-Sep-07,38,45,40,55,25,42,53,40,46,57,89,30,40,25,43,42,19,70,41,57,42,38,0,0,52,56,36,34,3,62,76,50,45,50,68,39,66,66,71,12,55,17,54,45,71,62,63,78,69,31,53,31,55,58,1,48,28,24,24,13,25,36,71,55,52,8,38,38,18,12,93,36,12,69,31,8,10,67,52,41,10,27,54,18,46,12,60,93,47,54,26,26,29
1-Oct-07,40,45,41,56,26,44,56,40,48,56,88,39,40,31,46,37,25,66,41,56,43,32,42,0,65,60,33,35,3,56,75,56,44,52,67,38,66,64,71,13,55,18,30,44,71,57,59,81,74,36,52,34,56,63,1,52,17,22,36,12,27,49,63,55,51,7,37,39,15,13,86,30,14,67,30,7,8,65,50,43,14,23,59,20,44,14,55,65,47,56,29,26,32
1-Nov-07,39,45,41,56,26,40,56,39,47,53,82,51,40,35,47,35,31,65,42,55,42,30,20,0,54,72,33,33,3,59,79,67,50,61,72,46,71,62,74,13,72,18,32,43,76,68,69,70,72,38,57,31,58,69,1,62,10,23,31,15,30,39,70,56,54,8,39,45,18,12,83,37,11,67,30,7,8,65,57,44,13,20,74,16,49,20,49,62,48,63,32,23,33
1-Dec-07,42,46,42,55,26,39,61,41,51,55,82,55,45,43,55,38,36,71,42,60,43,32,0,0,51,100,30,35,4,67,97,85,64,70,87,46,84,68,86,15,99,22,46,44,89,85,93,83,88,50,71,33,65,85,1,89,9,25,34,18,39,58,83,67,65,6,36,54,15,12,75,32,13,78,39,8,10,72,65,55,13,20,97,18,53,19,51,63,54,68,23,22,39
1-Jan-08,40,45,41,55,26,40,53,40,48,56,86,36,40,26,53,30,21,58,47,47,41,34,19,0,57,67,34,36,4,66,72,56,45,52,64,41,64,62,70,19,58,19,46,41,72,58,60,74,66,33,54,33,54,55,1,50,10,27,28,14,26,86,59,57,52,7,40,47,17,14,79,34,12,82,28,7,10,60,45,43,14,17,62,15,42,17,60,65,46,60,39,27,30
1-Feb-08,39,46,41,56,26,40,56,41,50,53,84,29,37,23,52,32,18,62,50,52,41,33,0,0,52,67,38,34,3,64,74,50,43,53,62,42,64,66,69,16,56,19,57,49,69,54,60,64,65,35,55,31,51,54,1,49,10,27,26,12,24,48,62,50,51,8,37,45,17,12,81,31,15,77,32,8,12,57,44,42,10,18,64,17,42,16,63,64,48,75,38,28,31
1-Mar-08,40,46,42,60,27,42,54,43,49,53,82,24,41,22,47,36,15,65,51,53,45,34,19,0,59,64,36,34,3,68,70,50,44,50,60,44,63,67,69,15,58,20,32,49,69,56,58,64,66,33,54,25,52,55,1,46,9,26,26,13,25,38,66,51,53,10,37,49,16,13,85,30,15,82,32,7,12,55,47,46,11,20,55,20,43,18,51,61,47,56,29,26,32
1-Apr-08,40,47,42,63,28,45,54,46,50,54,83,21,42,19,45,42,12,69,50,57,44,36,18,0,48,61,33,35,3,61,65,47,44,52,61,40,62,60,65,16,58,23,32,51,67,53,57,72,62,33,53,30,53,52,1,46,8,25,27,14,25,50,68,51,51,9,35,49,17,11,81,34,14,79,33,7,16,55,46,46,15,16,56,24,42,20,45,53,45,52,36,25,31
1-May-08,41,48,42,62,28,49,55,47,51,56,81,18,46,16,44,49,11,75,48,59,47,34,0,0,44,62,35,33,3,64,72,46,44,53,63,39,64,58,69,17,59,19,33,50,70,53,57,63,62,33,54,30,53,51,1,44,9,27,26,15,26,53,74,51,52,9,51,46,17,11,69,27,10,77,31,9,13,57,49,45,11,18,61,23,43,22,51,53,47,54,32,23,29
1-Jun-08,41,47,42,61,27,58,54,44,51,56,85,18,47,15,44,54,10,78,47,61,46,33,19,0,67,65,33,35,3,64,71,44,44,50,67,40,65,58,73,18,53,19,42,58,74,51,56,68,58,34,54,27,51,52,1,46,9,36,29,14,26,49,75,47,54,10,84,50,16,11,63,29,15,82,29,8,12,55,50,44,9,15,56,26,42,22,48,55,45,72,34,22,92
1-Jul-08,42,47,43,63,27,46,55,46,51,56,84,19,44,15,46,53,11,77,45,60,45,38,18,0,53,60,36,33,3,62,68,44,43,48,66,35,61,60,64,17,54,20,28,48,66,54,54,61,59,34,53,30,48,50,1,38,8,29,26,13,25,63,71,42,55,9,53,49,17,12,60,29,11,79,30,7,11,52,50,43,6,21,56,21,43,18,46,53,43,61,24,23,32
1-Aug-08,43,48,43,62,28,48,56,48,51,56,77,23,40,20,59,49,13,75,45,62,45,44,0,0,58,58,32,35,3,63,67,47,51,45,63,37,62,58,62,18,55,24,31,48,63,59,51,59,57,35,53,32,46,51,1,41,8,29,24,14,23,60,69,43,56,9,44,56,17,13,65,28,16,76,30,7,10,51,52,40,10,21,57,19,43,18,46,52,41,59,27,21,32
1-Sep-08,43,46,43,63,28,47,56,47,49,57,83,33,44,25,48,42,18,71,46,61,45,43,17,0,59,63,39,36,3,63,69,53,49,53,61,38,68,56,66,19,52,28,38,63,65,58,52,64,60,40,54,36,52,53,1,58,9,30,39,13,28,68,64,46,57,14,44,51,16,17,86,33,14,72,31,9,12,51,49,43,8,23,56,19,44,20,49,50,43,64,21,25,35
1-Oct-08,44,46,45,64,30,49,59,51,51,57,80,45,44,31,54,35,25,66,47,58,47,41,15,0,68,60,34,37,4,57,65,56,47,50,58,35,67,55,65,20,52,35,35,47,64,56,49,70,56,40,53,28,53,56,1,57,14,29,39,12,29,60,58,43,55,16,44,44,15,18,83,30,14,68,29,9,9,47,46,43,11,17,56,19,42,18,46,45,41,70,30,28,33
1-Nov-08,44,47,45,61,30,44,58,49,52,57,73,55,45,35,57,36,31,65,48,58,47,38,16,0,51,66,36,34,4,61,72,67,53,54,63,38,70,60,70,20,65,64,31,46,71,65,55,69,59,43,60,31,56,65,1,62,10,32,32,15,31,58,63,51,59,14,37,53,14,16,82,32,14,74,33,9,8,50,52,46,9,20,69,25,47,18,43,50,43,75,36,28,35
1-Dec-08,45,47,45,59,30,43,59,51,55,59,75,58,48,42,74,39,37,68,47,62,47,43,16,0,59,81,30,38,4,70,100,86,66,62,75,45,83,70,80,24,86,27,24,55,82,80,69,77,68,53,73,31,62,82,1,92,10,32,31,19,37,60,77,55,70,13,40,62,15,15,77,34,19,91,38,8,10,54,62,55,8,19,89,24,54,24,45,53,50,81,38,31,43
1-Jan-09,43,47,44,58,29,43,53,50,51,59,75,42,42,26,62,32,22,57,53,50,46,47,14,0,69,62,38,33,4,60,68,60,48,51,58,36,64,60,62,22,53,22,33,57,64,54,49,65,54,36,56,28,51,55,69,49,12,35,30,14,27,79,56,47,59,15,48,48,15,15,76,31,8,87,30,9,11,51,46,42,6,21,57,20,44,19,48,66,43,73,52,36,33
1-Feb-09,42,48,44,61,29,45,55,51,55,57,74,29,45,23,57,35,17,60,54,50,47,43,0,0,64,57,45,33,5,65,70,52,46,50,56,34,60,56,63,22,51,19,33,57,66,53,46,61,51,36,55,28,49,52,12,49,16,34,32,13,25,89,57,42,58,16,44,48,15,16,71,30,14,78,34,9,11,48,44,41,12,20,59,20,39,18,57,54,41,71,45,37,42
1-Mar-09,44,50,45,67,31,48,56,53,54,58,74,24,48,22,55,41,15,66,56,55,50,48,18,0,67,56,40,35,5,64,65,50,45,47,55,33,62,57,65,22,52,20,30,62,68,52,46,59,52,36,54,25,50,51,4,46,19,32,31,13,27,50,61,40,58,16,41,48,17,14,82,32,13,77,35,8,10,49,49,42,7,16,49,22,42,20,53,50,43,72,46,43,35
1-Apr-09,44,50,46,66,31,50,55,53,53,59,71,21,51,18,53,48,12,69,56,57,53,45,14,0,79,55,69,33,5,60,65,47,45,46,53,32,61,54,63,27,51,20,35,58,65,50,43,65,50,36,55,29,48,49,8,45,14,33,26,13,25,74,65,39,58,15,42,50,15,15,68,30,13,72,34,8,11,46,52,42,10,15,51,24,46,22,47,50,39,67,37,47,32
1-May-09,44,51,46,65,30,50,58,54,55,61,68,19,53,16,50,55,11,74,56,60,54,43,13,0,57,55,60,32,5,61,68,46,46,51,57,32,65,54,63,28,49,19,38,52,67,51,43,61,49,36,55,30,51,49,4,46,13,31,28,13,26,52,67,37,60,15,39,54,15,13,63,25,11,67,32,7,10,47,54,43,7,17,52,23,46,23,46,54,42,64,47,46,32
1-Jun-09,44,50,46,65,30,49,54,51,53,62,72,19,55,14,49,60,11,73,53,60,52,45,13,0,60,55,49,30,5,62,67,48,52,50,55,33,62,50,59,30,48,20,34,48,62,47,43,70,48,35,56,29,49,52,4,46,15,38,42,13,26,61,70,35,60,14,40,51,16,13,57,30,14,67,31,7,9,44,57,43,9,14,46,22,46,22,42,53,39,59,46,50,31
1-Jul-09,44,51,47,64,30,51,55,53,54,63,71,20,53,16,47,60,12,75,53,62,51,45,13,33,58,54,43,31,6,64,64,48,47,50,58,30,63,53,56,32,51,19,32,49,58,52,44,68,48,36,56,32,47,55,3,41,15,34,31,13,24,50,70,35,63,13,43,60,16,14,57,30,10,68,32,6,11,44,59,42,5,14,48,21,47,23,44,54,38,65,47,45,30
1-Aug-09,46,52,49,66,32,52,55,56,55,62,66,25,50,19,48,58,13,74,53,63,49,55,13,0,51,53,53,32,6,65,66,51,47,51,56,31,68,55,55,33,53,20,35,49,56,55,44,61,46,39,56,26,48,55,3,42,16,33,29,13,23,68,67,34,64,14,44,62,15,15,63,33,8,70,31,7,10,45,61,40,7,17,50,21,45,22,41,57,38,60,40,50,31
1-Sep-09,46,51,49,65,32,53,57,55,56,62,71,33,53,25,47,50,18,69,53,59,49,55,12,0,77,58,46,33,6,64,69,58,48,52,56,31,66,56,56,38,50,21,47,47,59,56,47,67,52,43,53,33,56,54,5,47,22,37,36,12,26,74,64,41,64,16,41,64,15,20,78,29,9,69,33,8,11,43,59,43,9,21,50,23,48,23,44,52,38,77,35,55,34
1-Oct-09,48,51,50,65,33,55,60,56,56,62,67,49,54,32,52,44,26,63,54,57,53,52,15,0,62,58,45,32,7,59,65,63,50,53,56,33,70,53,57,40,50,21,25,40,59,55,45,74,51,42,53,32,56,56,3,48,22,44,50,11,26,52,59,40,63,17,37,61,17,17,75,34,9,66,34,8,9,41,60,42,7,15,50,20,49,23,44,55,39,72,36,78,36
1-Nov-09,47,51,50,65,34,51,56,57,55,61,65,52,52,36,52,44,31,65,54,58,51,52,35,0,56,61,40,34,6,60,70,72,58,59,62,31,72,57,63,49,62,23,26,41,66,63,49,79,53,46,60,34,60,65,4,60,19,100,37,15,28,59,61,45,67,16,38,71,13,16,74,27,9,67,34,7,10,43,68,46,8,14,60,23,51,23,46,61,40,79,42,63,40
1-Dec-09,48,51,51,64,33,49,58,57,57,62,64,61,58,45,58,49,39,68,53,63,52,55,17,0,59,75,44,36,6,68,84,91,70,75,71,31,82,67,75,49,81,24,27,41,78,78,62,81,65,61,73,32,66,86,3,87,21,40,34,17,40,64,74,52,79,18,34,88,14,17,70,32,11,75,41,7,9,48,83,53,5,16,77,31,58,29,47,65,44,92,27,67,46
1-Jan-10,47,52,53,64,33,49,53,57,55,64,64,45,51,28,100,37,24,56,58,50,50,61,22,0,78,70,37,37,5,63,61,70,50,56,55,31,66,59,57,44,51,22,28,47,60,52,45,75,55,40,57,33,57,56,4,55,20,36,36,14,26,63,53,43,68,16,37,76,15,17,75,32,15,74,36,8,10,42,60,44,7,14,51,31,50,23,49,65,38,75,60,64,35
1-Feb-10,45,53,49,65,33,52,55,57,57,62,64,33,50,28,67,39,20,61,61,54,50,60,90,0,63,57,38,38,6,62,64,63,50,56,54,31,65,59,57,43,52,22,46,47,60,52,43,69,52,45,54,31,56,51,5,55,27,33,33,14,25,58,52,38,65,16,35,73,14,15,72,32,11,72,37,8,11,40,62,44,7,15,52,39,45,23,51,62,38,76,56,66,36
1-Mar-10,46,54,49,71,35,52,54,60,57,62,66,26,62,24,52,46,16,64,64,57,52,60,23,0,63,55,43,42,6,60,62,59,50,57,52,32,67,79,58,42,51,23,29,45,60,53,42,76,54,43,55,28,59,52,6,57,35,33,36,15,24,52,56,39,66,17,37,73,14,13,79,26,14,77,39,8,11,40,62,44,4,17,44,39,51,26,45,56,37,71,43,67,38
1-Apr-10,47,53,51,70,35,55,54,61,58,63,65,22,64,20,49,53,13,68,63,60,55,57,14,0,53,55,40,40,5,58,60,53,49,56,53,31,65,81,55,43,52,21,33,47,57,50,40,69,51,40,53,30,61,50,3,45,32,33,32,15,23,51,59,36,67,16,36,73,13,12,69,32,15,77,36,8,9,39,63,43,7,17,44,30,51,28,42,53,35,73,31,66,35
1-May-10,47,53,51,71,35,58,55,61,59,67,63,21,66,19,50,58,14,76,63,66,55,51,21,0,55,56,42,40,5,60,66,53,50,57,55,32,69,80,58,47,52,22,32,47,61,51,40,71,51,42,54,31,60,52,4,51,27,31,39,15,29,44,62,37,69,15,50,72,13,12,66,26,16,76,36,7,10,40,65,45,6,17,46,30,52,30,42,53,35,66,55,64,35
1-Jun-10,45,52,50,68,33,68,53,58,59,67,67,20,62,15,49,64,13,82,61,70,56,50,11,0,51,58,42,40,4,63,66,53,48,55,54,30,64,66,53,49,49,19,29,48,56,48,40,73,50,39,53,30,56,53,3,45,20,30,34,15,23,51,62,36,68,17,47,70,13,12,56,25,16,76,35,7,9,37,65,47,7,17,46,26,50,28,42,46,34,64,41,72,35
1-Jul-10,46,52,53,67,33,71,59,60,59,67,63,20,61,16,47,63,13,75,57,63,54,54,25,0,62,53,41,39,5,63,62,54,48,52,55,31,65,76,51,45,54,22,23,43,55,48,39,67,51,38,53,31,55,52,3,42,26,29,28,16,22,63,61,34,70,16,34,70,14,12,56,27,15,77,35,7,8,37,70,46,5,16,48,27,51,28,43,53,34,63,34,74,32
1-Aug-10,48,52,53,66,36,56,57,61,60,65,58,26,58,21,48,58,14,68,53,61,51,67,19,0,37,51,44,39,4,65,63,58,48,53,54,33,69,72,49,45,55,20,36,42,53,51,37,67,49,39,53,28,56,52,3,42,26,30,32,16,21,50,57,36,72,14,29,69,13,11,63,28,16,74,35,8,8,38,71,46,5,18,48,25,49,30,45,70,33,63,25,83,34
1-Sep-10,48,51,54,65,37,56,56,61,60,66,62,35,61,26,49,49,19,62,56,58,51,69,9,0,65,56,46,42,5,64,65,65,51,58,55,34,69,78,54,49,53,21,46,47,56,51,39,80,56,42,57,36,63,55,6,44,36,32,39,16,25,47,55,38,72,14,32,71,14,12,82,32,17,79,37,8,10,39,69,49,6,18,49,26,52,31,45,62,33,69,38,91,35
1-Oct-10,49,51,55,67,37,59,62,70,60,64,58,49,59,32,51,43,26,60,53,57,55,60,23,0,52,55,48,38,5,61,63,69,51,59,57,37,66,67,56,49,51,22,30,37,62,51,38,75,57,45,56,35,68,57,8,49,33,31,35,17,25,41,52,40,70,17,31,64,11,12,79,27,17,75,37,7,8,36,68,50,7,17,50,24,56,31,45,55,31,69,35,98,36
1-Nov-10,50,52,56,65,39,55,60,63,62,64,56,63,57,39,54,45,34,60,53,55,53,57,23,0,49,60,38,39,4,64,69,81,57,63,61,34,71,71,60,53,69,21,26,38,64,61,42,77,58,48,59,35,72,68,4,58,31,35,35,21,28,47,57,42,74,15,28,73,11,13,77,29,17,75,36,7,8,37,81,50,7,19,60,25,63,39,48,54,35,79,31,100,38
1-Dec-10,51,53,56,61,43,52,60,64,64,64,56,69,66,47,63,49,41,61,51,59,52,59,17,0,47,75,39,41,5,75,87,99,69,76,72,37,86,86,74,56,88,23,22,44,79,76,52,78,73,63,73,33,81,88,4,80,28,38,46,27,34,45,67,52,86,19,27,95,11,14,70,29,19,87,43,7,8,41,96,60,5,17,79,29,70,47,45,57,43,88,27,90,44
1-Jan-11,48,53,54,64,38,54,58,63,62,66,56,46,57,29,59,39,24,53,57,49,49,64,12,0,60,59,42,41,5,69,65,73,50,58,56,42,68,70,55,58,56,23,33,42,60,51,39,73,56,41,57,34,68,60,4,49,35,37,43,22,24,56,52,43,73,19,32,78,12,13,74,29,15,83,35,7,9,41,70,50,5,19,54,30,56,36,50,63,34,76,38,87,37
1-Feb-11,48,53,54,70,37,56,59,64,63,65,54,32,56,27,52,40,19,57,59,52,48,62,22,0,55,52,44,39,5,64,63,65,46,57,54,42,68,71,56,61,57,21,62,48,60,50,37,63,55,44,56,32,65,55,6,46,47,37,34,25,23,60,50,37,69,16,29,71,12,11,73,25,21,80,38,8,9,39,64,48,7,20,53,29,48,36,57,60,34,80,37,83,37
1-Mar-11,51,54,56,69,38,57,58,65,61,67,53,26,61,23,50,44,16,61,58,55,50,56,10,19,39,52,41,40,5,65,64,59,46,55,51,43,66,73,72,58,53,20,41,47,77,48,35,69,52,42,54,28,63,53,4,47,51,35,57,24,20,49,51,38,68,15,28,73,12,10,77,28,19,79,38,6,8,39,62,48,6,16,45,28,50,41,42,57,32,73,33,76,36
1-Apr-11,49,55,57,69,38,62,59,67,63,69,54,23,71,21,52,55,14,65,66,58,53,53,19,41,53,52,47,41,5,65,62,59,46,56,53,43,66,70,55,62,55,20,42,47,59,49,35,69,50,41,56,31,64,54,4,41,44,35,42,30,21,45,60,35,69,14,27,76,11,11,69,25,20,82,35,7,8,40,71,53,11,16,48,30,55,45,40,58,31,68,32,80,37
1-May-11,50,56,56,70,39,61,63,67,64,69,56,22,71,19,50,61,14,71,65,61,55,51,20,25,41,52,45,39,4,66,65,54,48,59,55,43,66,66,55,64,56,21,71,46,59,48,35,65,51,41,56,30,68,55,4,45,34,35,43,30,24,39,62,34,69,15,27,74,11,10,68,23,17,79,36,7,8,42,73,54,6,16,51,28,56,48,41,53,31,67,36,73,37
1-Jun-11,50,56,58,67,38,61,61,63,65,68,56,22,70,18,49,67,13,71,59,63,56,53,18,45,46,52,62,42,5,68,65,53,46,61,54,45,63,68,54,65,51,20,38,48,56,47,35,71,52,39,56,33,65,59,3,49,33,36,35,24,21,56,68,34,72,15,28,75,12,10,60,27,19,79,37,6,9,41,75,61,5,19,48,29,56,44,41,52,35,67,48,79,37
1-Jul-11,49,56,59,67,38,60,61,63,63,67,54,22,66,18,48,63,14,70,57,61,54,57,19,19,55,53,65,42,4,71,65,56,46,55,54,47,62,67,51,68,54,21,30,48,55,49,34,65,56,40,55,35,65,57,4,48,42,36,38,25,20,61,64,35,74,17,27,78,12,11,58,25,16,82,35,7,8,39,77,54,5,19,49,28,57,44,41,53,33,63,37,72,35
1-Aug-11,53,56,61,68,40,63,62,65,66,68,52,26,62,23,51,62,15,71,59,64,56,68,10,18,45,51,54,43,5,68,62,58,47,57,53,49,65,66,51,69,54,21,29,46,54,52,33,66,56,41,56,34,67,55,4,46,46,35,34,25,19,59,60,34,75,23,28,76,11,11,60,26,20,80,34,7,9,41,77,52,4,20,50,28,55,44,39,71,32,66,34,75,40
1-Sep-11,52,56,62,67,40,65,62,65,67,65,55,37,66,29,54,53,21,67,57,60,57,69,7,18,50,54,51,43,5,77,64,65,49,63,54,51,68,66,58,70,55,21,38,45,61,52,34,74,64,42,57,41,71,56,6,53,49,36,37,24,22,50,59,37,77,24,29,71,13,12,74,23,21,85,38,8,11,42,75,55,5,21,49,29,57,47,42,62,35,66,67,68,41
1-Oct-11,54,55,62,70,41,66,68,66,67,65,50,50,64,36,56,47,29,62,56,60,59,67,27,22,48,55,55,40,5,73,64,71,50,63,55,51,68,66,56,71,55,22,27,42,59,52,34,76,58,45,59,38,74,64,8,51,49,34,38,26,22,51,55,42,75,24,25,65,13,12,76,22,20,88,38,6,8,38,74,55,4,19,50,28,60,47,48,67,47,71,65,64,43
1-Nov-11,56,57,63,68,42,61,66,66,68,66,50,59,63,43,59,48,38,62,57,59,57,61,16,17,53,62,53,42,5,80,71,80,58,75,61,51,73,73,59,89,74,23,26,44,62,62,37,81,59,50,62,43,77,74,5,58,50,41,39,34,24,51,59,40,84,25,28,79,17,13,75,24,23,84,38,7,9,40,86,59,4,22,59,29,67,58,45,74,100,78,66,70,46
1-Dec-11,58,58,65,66,43,62,70,68,72,69,48,65,69,52,64,53,48,67,57,65,61,67,30,28,47,78,57,46,5,97,88,100,71,84,72,56,89,90,84,100,94,26,41,45,87,77,47,86,77,65,79,42,90,96,6,84,54,45,51,41,31,54,74,51,100,33,27,100,18,15,72,24,64,100,46,7,10,48,100,74,3,26,78,32,82,74,56,72,56,94,59,62,55
1-Jan-12,54,58,63,68,43,62,67,67,69,68,49,45,59,33,61,41,27,59,62,54,54,72,16,51,63,56,61,44,5,80,64,72,51,65,58,59,73,73,59,87,59,24,32,46,62,52,37,71,60,49,59,43,75,66,45,61,58,38,52,33,21,73,58,44,83,29,28,81,18,14,78,26,33,92,40,7,11,44,73,59,4,31,52,28,64,58,51,100,47,77,65,49,46
1-Feb-12,55,60,64,71,44,67,69,71,75,68,49,37,61,32,60,43,24,62,65,58,58,65,25,48,53,53,56,43,5,81,69,65,49,63,57,64,74,70,58,86,63,25,42,57,60,51,33,72,57,50,58,45,74,61,100,55,89,38,67,35,19,60,53,40,84,28,27,75,49,12,77,26,42,88,41,8,12,45,68,61,5,29,54,30,57,58,56,76,43,78,69,44,48
1-Mar-12,55,62,65,77,45,71,68,70,71,70,48,28,71,34,60,52,18,67,65,63,65,61,20,15,49,52,60,43,5,78,66,60,49,64,70,63,73,72,59,83,62,32,36,66,62,48,34,73,54,50,57,45,77,57,14,51,82,36,48,34,20,45,58,100,81,24,26,70,100,12,79,23,37,87,39,6,12,43,69,60,5,24,47,32,61,61,44,63,39,70,59,42,48
1-Apr-12,56,62,66,76,45,78,70,73,73,72,47,26,75,29,61,56,18,71,67,66,67,60,21,21,60,52,52,41,5,74,65,59,50,57,59,63,72,68,57,80,58,28,34,53,60,46,32,70,52,49,55,40,74,56,8,56,78,33,42,36,21,50,61,43,81,22,24,68,22,11,70,20,37,80,38,7,11,42,68,62,6,25,50,30,61,65,43,60,37,67,36,42,53
1-May-12,57,64,66,77,47,84,70,72,75,72,46,25,74,24,59,65,16,78,67,70,71,56,20,15,48,55,53,40,5,74,70,55,53,63,59,67,70,65,58,76,60,27,27,50,61,46,34,69,51,53,57,46,76,56,6,53,66,35,32,35,21,44,64,51,83,23,23,66,18,11,64,22,34,77,37,7,10,42,72,62,5,24,50,32,68,68,42,56,38,67,42,36,69
1-Jun-12,57,64,67,75,45,83,69,68,73,72,48,24,74,22,57,72,16,80,64,71,70,66,16,45,41,55,58,39,5,79,68,53,49,58,60,64,68,65,56,71,53,26,29,48,58,44,32,71,49,52,56,50,75,59,6,47,87,35,33,33,21,47,68,40,76,40,24,66,16,20,58,20,34,79,42,6,12,42,74,71,3,25,47,31,63,66,41,52,38,65,34,39,58
1-Jul-12,57,62,69,75,47,76,71,71,73,73,47,25,72,23,57,72,17,79,61,71,69,64,10,20,49,54,53,38,5,77,66,54,49,58,62,66,68,64,60,71,56,28,27,45,61,45,32,69,51,55,56,50,72,58,5,47,74,33,31,33,21,66,69,37,79,30,22,68,14,14,60,20,38,80,40,6,12,43,78,63,4,29,48,32,65,70,45,70,38,64,32,37,53
1-Aug-12,59,63,73,76,49,76,73,72,74,72,43,28,66,27,60,71,19,77,59,73,67,71,16,44,42,52,49,39,5,78,65,56,49,56,63,70,68,63,52,62,57,26,29,40,55,46,30,64,50,56,54,52,72,57,5,45,82,31,36,37,19,59,62,35,80,27,22,65,14,13,58,24,41,79,39,6,12,41,77,60,4,27,49,30,61,71,42,57,36,66,26,33,51
1-Sep-12,61,62,71,75,50,79,74,71,75,71,45,41,71,35,64,58,27,72,62,70,66,80,14,44,53,54,59,45,6,80,67,67,50,60,62,76,71,68,56,65,56,29,43,49,58,48,31,71,56,60,58,61,77,62,8,49,82,33,32,36,28,60,58,40,78,29,24,67,14,17,77,21,47,84,47,9,15,42,72,62,4,33,50,32,64,71,45,56,36,75,30,33,54
1-Oct-12,61,60,71,74,49,79,77,69,73,69,43,54,67,43,64,48,36,65,60,66,68,75,40,22,55,53,63,42,5,75,65,68,48,56,58,73,78,64,55,59,52,27,29,38,57,46,29,70,53,61,55,52,74,61,5,55,67,32,61,32,26,57,54,39,72,53,21,59,13,53,71,23,41,74,44,6,12,39,69,59,5,32,50,35,64,76,43,52,36,70,34,30,55
1-Nov-12,62,60,70,71,50,71,72,67,73,69,42,64,65,50,67,50,47,63,60,63,67,74,18,41,48,59,48,47,6,76,71,77,56,60,63,72,80,77,58,62,70,30,30,39,62,55,31,69,55,67,61,55,78,72,6,57,69,34,35,46,28,51,57,42,75,100,23,73,13,100,72,23,51,78,44,7,14,40,82,63,4,31,58,38,71,87,45,56,39,82,38,28,55
1-Dec-12,63,60,70,69,51,70,75,69,75,70,39,64,70,56,72,54,57,65,57,67,68,81,25,13,51,73,51,52,6,92,85,93,65,73,76,84,92,88,75,70,85,32,39,42,76,69,40,78,68,82,75,60,89,89,6,74,80,41,34,52,33,69,71,49,83,47,21,84,13,30,69,28,60,94,52,7,14,46,91,80,3,35,75,38,78,100,51,57,47,100,28,30,63
1-Jan-13,60,60,70,72,50,70,72,68,74,71,41,52,65,38,69,42,33,57,62,57,62,81,15,21,69,53,60,47,6,80,65,68,47,59,65,96,75,72,54,65,56,31,34,40,57,45,29,72,58,67,57,61,77,63,49,43,78,38,34,39,27,76,54,45,72,40,23,69,14,22,75,29,43,83,48,8,15,41,67,66,3,100,54,35,66,75,52,56,40,82,90,30,56
1-Feb-13,60,63,68,74,49,72,75,71,74,70,40,38,62,36,65,43,26,61,67,60,62,72,14,53,45,50,85,46,6,78,66,60,52,58,61,92,73,70,55,63,56,29,46,41,59,45,27,68,70,66,54,55,73,56,10,45,100,34,32,41,26,65,50,41,68,32,23,65,15,17,74,27,55,78,46,9,17,41,60,63,4,44,54,39,57,67,61,52,40,72,35,27,54
1-Mar-13,62,64,70,81,51,77,79,72,79,72,40,34,80,34,74,48,23,66,66,65,68,67,27,36,50,50,67,46,6,78,66,58,44,53,59,99,75,69,60,65,57,34,61,43,62,43,26,67,56,68,55,54,76,56,6,46,88,33,49,40,31,66,53,37,66,32,23,65,14,16,74,27,50,78,46,8,16,43,61,64,3,40,47,37,59,69,55,49,39,67,31,27,56
1-Apr-13,61,65,71,78,51,81,77,73,77,74,40,30,79,29,74,58,19,72,68,70,73,62,26,43,47,48,62,44,5,74,63,54,44,55,60,94,71,64,53,66,53,28,100,47,56,42,26,78,53,65,54,50,76,55,5,44,77,32,33,40,28,63,58,34,64,27,21,64,13,14,67,21,50,74,42,7,15,41,60,63,3,36,46,36,60,77,50,46,38,60,31,27,54
1-May-13,62,66,71,78,50,80,77,72,77,75,39,27,79,25,69,66,18,75,68,73,75,56,21,28,51,49,69,42,5,74,66,53,45,58,62,90,74,63,54,62,54,28,31,45,57,43,26,77,53,68,53,50,76,55,4,42,65,32,30,43,28,60,60,35,63,26,22,64,12,12,61,24,55,73,42,7,17,41,62,70,3,36,47,37,59,77,48,48,41,62,27,26,50
1-Jun-13,61,65,73,78,49,81,73,69,77,75,40,25,77,23,66,74,16,78,64,75,75,58,10,33,45,49,86,41,5,77,63,53,45,55,59,87,70,63,51,58,49,29,31,41,55,42,29,82,51,66,55,50,72,60,5,39,56,33,35,41,26,60,66,34,65,27,23,63,13,12,57,21,48,72,40,6,15,43,67,76,3,36,45,36,62,70,49,44,46,59,35,27,52
1-Jul-13,63,67,74,80,51,84,75,70,78,77,41,26,75,23,63,74,18,80,64,76,75,56,14,44,47,50,59,42,5,76,62,51,44,54,59,88,70,63,51,53,47,30,31,39,53,42,26,69,53,64,53,49,71,57,4,41,59,32,34,40,25,67,66,33,65,27,20,62,13,12,61,20,49,70,41,7,16,41,71,70,3,35,46,81,65,68,49,43,82,56,37,27,49
1-Aug-13,64,67,76,82,53,82,77,73,78,76,37,32,72,29,67,68,20,77,62,75,74,71,17,20,41,49,57,44,5,77,62,52,45,54,59,92,70,67,48,54,48,30,33,34,51,43,24,71,51,63,53,50,75,58,4,37,58,30,28,43,26,50,59,32,67,25,21,63,12,12,61,22,53,67,42,6,34,41,69,66,2,36,47,75,60,68,45,44,73,58,33,26,48
1-Sep-13,66,64,74,79,55,81,75,70,77,75,38,47,74,41,68,57,29,70,61,70,74,83,14,19,59,52,80,44,5,80,64,61,44,57,60,98,73,65,56,54,46,31,39,39,59,43,24,77,53,67,53,59,77,74,7,39,70,31,65,39,32,58,53,37,63,36,22,62,13,15,78,19,53,68,45,7,100,42,61,66,3,40,45,62,62,65,47,48,69,62,37,26,49
1-Oct-13,68,65,75,80,55,82,83,73,79,74,38,60,72,51,71,51,40,66,62,69,78,83,12,33,53,52,93,42,5,76,64,68,46,61,60,95,73,61,52,54,45,30,32,35,55,44,23,76,52,73,51,56,78,81,4,42,56,31,39,40,33,50,51,41,62,32,21,58,12,14,77,23,63,66,47,5,32,39,63,69,3,37,45,61,62,67,48,44,77,61,32,28,50
1-Nov-13,70,69,78,79,58,77,76,71,81,75,35,79,72,60,75,53,57,67,64,68,78,85,17,42,76,61,79,47,6,84,71,77,53,62,64,95,81,79,60,58,56,29,29,33,64,52,27,73,57,74,56,63,82,84,4,53,51,34,40,54,35,57,58,41,68,38,20,67,12,14,82,21,75,66,50,6,26,41,78,74,4,38,53,68,71,77,48,51,68,74,29,27,55
1-Dec-13,71,73,77,77,57,75,75,71,83,76,34,79,77,67,80,57,72,68,62,73,79,88,9,53,47,76,68,53,7,100,87,92,64,75,78,96,99,95,75,65,70,32,29,33,78,65,33,93,68,89,72,57,92,99,4,71,51,41,39,70,41,54,71,50,75,40,21,81,12,15,77,23,91,79,58,6,23,46,94,91,3,39,71,69,80,97,52,47,80,93,28,27,65
1-Jan-14,67,70,74,78,57,75,74,71,78,75,36,60,73,45,74,44,37,58,66,60,72,83,19,45,48,56,100,59,6,83,64,67,45,58,65,98,81,79,55,62,46,30,29,43,58,44,24,71,54,74,54,57,75,65,4,45,54,37,37,47,32,76,53,44,61,41,22,62,13,16,84,23,60,79,52,6,20,40,65,70,3,48,50,57,66,64,55,45,63,77,48,29,74
1-Feb-14,69,72,74,79,57,79,77,76,82,77,36,47,74,41,76,47,31,64,67,64,76,70,12,19,54,52,64,59,7,82,68,60,43,57,65,96,79,75,54,61,46,29,33,41,57,41,24,70,56,74,52,54,73,58,5,39,63,32,35,48,32,74,52,37,60,36,23,59,13,13,75,21,79,73,61,6,21,39,59,67,3,47,53,51,54,61,65,41,59,74,24,26,61
1-Mar-14,70,72,74,85,59,81,79,77,81,79,35,36,81,38,76,53,24,69,73,69,83,65,15,27,53,50,72,52,8,82,63,56,44,53,59,100,82,74,57,58,44,33,33,40,60,40,24,69,54,73,51,49,72,57,4,36,59,32,44,47,30,58,54,38,58,34,22,56,12,12,75,20,69,77,62,6,19,40,58,69,2,41,46,54,55,66,61,38,62,69,23,26,61
1-Apr-14,70,75,78,86,59,88,79,81,85,81,37,32,86,34,74,63,21,75,74,74,88,61,13,29,46,51,62,50,6,80,63,54,44,54,60,94,80,69,56,56,43,30,31,45,60,39,24,67,52,68,50,52,72,56,4,40,53,33,40,48,30,51,63,31,56,30,23,53,12,12,68,22,68,69,57,6,16,39,61,71,2,41,46,60,57,78,63,37,59,67,24,24,63
1-May-14,72,75,76,87,61,87,77,77,84,83,36,30,86,28,71,72,20,82,75,79,91,57,11,32,42,50,57,48,6,77,64,52,44,60,61,87,77,65,55,56,44,29,24,39,60,39,24,68,53,71,51,48,73,57,4,44,43,32,34,52,28,53,61,31,57,33,21,52,12,12,63,19,75,68,55,7,15,39,62,73,2,39,46,47,58,77,64,37,58,59,25,27,62
1-Jun-14,70,75,77,85,59,94,75,73,83,82,37,28,85,23,68,82,17,91,74,86,89,59,14,30,43,51,55,44,5,70,60,49,45,55,57,83,73,63,51,51,40,29,22,37,55,39,23,70,50,65,50,48,70,62,4,37,41,32,30,49,26,52,66,32,53,33,20,50,12,11,61,22,62,62,58,5,15,38,65,76,3,39,42,44,58,70,60,34,53,59,28,25,57
1-Jul-14,72,77,82,87,62,92,79,76,85,84,37,30,83,24,69,81,19,86,71,83,87,59,12,16,40,53,59,46,6,71,62,48,48,57,59,84,73,62,53,53,40,31,20,34,57,41,23,68,54,66,51,45,72,62,4,41,45,31,33,48,27,53,67,33,57,35,21,51,11,12,63,22,66,63,58,5,15,36,70,72,2,38,44,45,66,73,60,34,56,55,19,27,55
1-Aug-14,75,77,82,86,65,87,79,77,85,84,33,39,79,32,73,71,23,81,68,79,85,77,11,19,36,51,53,46,7,72,62,50,46,55,57,83,73,62,51,54,38,31,23,32,55,41,22,65,51,65,50,50,71,59,4,39,48,30,32,51,26,47,58,29,57,31,21,50,11,11,65,21,69,60,60,5,15,37,67,67,3,39,44,47,60,70,58,34,58,53,17,34,56
1-Sep-14,74,72,79,84,65,84,75,76,81,80,35,48,81,42,71,62,30,73,68,75,84,77,16,26,37,51,56,46,8,73,62,58,46,58,59,84,74,67,54,56,37,34,29,38,58,40,22,65,56,73,49,71,75,58,5,50,57,32,44,48,29,39,53,32,55,32,20,51,13,12,74,21,59,58,82,7,16,36,59,67,3,43,43,52,56,65,63,34,56,60,23,31,61
1-Oct-14,79,73,82,85,69,89,82,79,87,82,34,64,81,53,74,55,41,68,69,74,89,79,16,28,47,53,51,48,8,74,63,62,48,61,60,83,79,64,55,55,37,35,29,45,58,42,22,69,55,75,49,62,76,62,3,46,56,32,47,48,29,45,50,32,56,39,20,48,12,15,75,19,62,57,77,100,14,34,60,67,2,42,42,43,59,69,61,35,56,56,24,31,62
1-Nov-14,81,79,86,84,72,83,77,77,89,82,32,89,79,65,82,58,64,66,69,73,89,81,16,22,48,61,53,50,7,80,69,80,61,64,66,82,85,70,61,62,46,34,24,100,64,50,24,68,57,78,55,61,81,77,4,55,48,34,41,75,33,48,59,36,59,33,19,54,11,13,77,21,82,57,75,12,15,37,77,75,3,43,50,49,70,82,63,47,65,71,23,31,62
1-Dec-14,83,80,85,83,69,79,78,75,91,83,31,82,85,72,84,62,79,72,68,76,92,82,9,36,35,78,50,59,9,94,86,91,70,76,74,88,99,90,75,70,57,35,22,99,78,62,31,75,66,92,67,56,95,96,3,72,41,42,41,88,39,47,71,45,68,40,20,66,12,14,75,21,100,64,85,11,15,41,89,94,2,41,62,59,79,97,68,51,76,87,20,30,73
1-Jan-15,79,76,80,85,70,80,77,78,87,83,32,67,79,49,78,48,40,62,71,65,83,85,11,37,49,56,53,55,8,78,62,65,92,64,59,91,80,71,56,65,40,32,26,47,60,42,22,65,59,73,52,54,75,64,3,43,44,33,38,57,33,56,52,37,57,48,21,50,13,17,84,21,67,63,80,7,14,39,63,73,3,48,45,49,68,62,70,37,60,67,44,34,65
1-Feb-15,91,100,82,87,75,81,80,81,91,97,33,54,79,46,77,51,32,66,100,68,85,70,12,44,38,53,80,54,8,75,65,57,58,56,62,84,78,72,62,61,38,30,32,41,64,39,22,61,60,75,50,50,72,59,6,41,50,33,41,58,31,57,49,32,55,39,20,46,12,12,77,29,71,61,80,8,14,38,57,71,3,49,46,52,56,60,82,44,60,58,25,35,68
1-Mar-15,87,92,83,94,75,86,82,85,89,95,34,41,89,41,74,58,25,69,92,73,93,66,12,26,36,52,66,53,8,77,64,55,55,52,60,87,80,68,65,57,37,29,23,41,66,37,34,66,60,73,49,44,73,57,4,37,46,33,37,54,30,48,52,34,54,38,20,48,13,11,75,25,62,64,81,6,13,35,55,72,3,44,40,49,54,61,80,32,58,54,25,35,62
1-Apr-15,80,83,83,93,75,90,81,85,88,89,34,35,93,35,74,68,21,75,79,77,96,60,9,57,41,51,52,51,7,72,60,51,53,56,60,82,74,73,60,52,36,30,24,40,64,36,21,63,58,65,47,43,75,54,4,51,45,31,42,52,30,42,56,32,51,36,19,45,13,11,68,20,63,62,70,7,12,34,56,70,2,51,40,47,54,67,78,34,57,49,21,35,61
1-May-15,81,83,83,93,73,90,81,88,91,91,33,33,93,31,71,78,20,83,81,82,97,58,17,33,41,52,65,53,11,75,62,49,55,56,62,78,74,66,63,52,37,31,24,39,69,36,21,59,59,67,50,42,75,56,4,50,39,33,33,59,31,50,60,32,53,38,20,43,12,10,64,21,72,64,72,6,12,35,59,75,2,49,41,48,57,71,80,36,58,49,34,37,59
1-Jun-15,79,82,87,92,73,92,80,82,90,91,34,31,92,27,71,85,19,87,74,85,93,60,15,34,35,53,58,49,7,73,61,47,54,59,60,76,70,64,58,48,35,31,26,37,63,35,22,64,58,68,50,39,75,61,4,42,38,32,29,52,32,62,66,31,51,38,18,41,13,10,61,20,61,58,83,6,11,34,65,79,7,44,39,48,59,63,78,32,57,50,32,33,59
1-Jul-15,80,83,90,92,75,93,81,83,89,93,33,33,89,27,69,83,20,85,73,84,93,58,17,29,34,51,71,50,8,73,60,45,56,55,59,78,70,71,59,46,35,32,26,35,62,36,21,60,60,65,49,37,74,58,3,45,32,29,38,55,32,35,66,30,51,38,18,41,12,10,61,20,58,59,74,5,11,33,67,71,11,49,40,46,65,62,78,30,60,49,20,32,55
1-Aug-15,84,84,88,93,79,93,83,85,91,94,32,39,87,33,78,80,23,83,72,85,90,67,9,39,32,49,70,50,9,69,62,46,57,53,60,76,71,70,58,54,35,32,28,34,63,36,20,60,59,64,50,38,72,55,3,34,43,28,32,55,30,33,58,30,52,35,19,39,11,8,63,18,61,57,72,5,11,34,64,67,17,51,42,47,60,60,74,30,58,48,17,31,57
1-Sep-15,84,80,88,93,80,92,81,84,93,90,32,52,89,47,72,68,32,75,71,82,90,80,13,44,38,52,85,49,12,71,63,53,56,57,60,75,72,69,65,56,35,36,35,56,68,35,21,62,60,81,51,39,82,62,4,38,50,29,35,57,35,37,54,33,51,37,18,36,12,9,79,19,54,58,77,5,10,33,59,67,11,56,40,47,61,55,72,33,60,53,23,32,60
1-Oct-15,88,82,89,94,82,95,86,87,91,88,31,72,86,62,77,60,47,70,72,80,94,85,20,30,42,52,72,52,35,69,63,59,58,61,62,75,76,69,63,52,34,35,26,56,66,35,20,60,61,73,50,38,81,64,3,42,35,31,44,55,41,36,52,36,52,39,16,33,11,11,84,19,52,58,79,5,10,32,59,68,9,54,39,51,63,56,77,28,59,53,22,31,61
1-Nov-15,90,82,91,93,84,89,82,84,96,90,29,85,86,74,80,65,69,70,73,77,94,91,11,53,30,61,76,54,100,78,71,69,75,71,66,78,82,77,67,59,43,36,35,45,71,42,22,65,68,80,57,42,82,78,2,51,37,35,39,87,41,29,60,38,55,40,17,40,11,10,81,18,68,59,98,5,11,34,75,77,8,54,46,65,74,74,78,36,66,66,26,34,70
1-Dec-15,93,84,94,91,88,87,86,86,100,92,29,80,96,80,85,71,86,74,72,83,98,97,14,66,35,78,74,62,16,94,89,82,97,87,77,88,100,100,87,69,53,45,28,34,91,54,29,72,79,100,71,39,100,100,3,76,33,49,38,100,54,30,74,50,65,48,18,46,12,11,79,18,84,67,100,6,11,37,87,98,17,56,59,71,85,84,87,41,85,84,38,34,82
1-Jan-16,88,81,90,90,89,85,84,86,91,90,27,75,87,61,79,53,46,65,75,70,88,98,17,48,35,53,74,60,15,69,64,61,75,57,64,91,80,78,66,87,37,44,31,35,70,36,23,57,71,79,55,39,81,61,3,42,31,49,37,59,41,37,55,40,57,51,19,36,14,13,88,11,62,63,85,5,11,34,64,77,14,58,43,56,68,54,85,31,66,65,34,40,73
1-Feb-16,88,84,89,91,89,86,89,88,94,91,27,55,85,54,77,57,36,71,78,76,88,82,20,50,39,51,67,57,12,68,67,52,71,54,63,83,77,78,70,89,35,44,39,35,73,33,22,56,70,77,53,39,78,56,3,42,34,44,35,61,38,31,51,36,53,46,19,32,14,12,74,15,67,61,86,6,11,32,58,73,25,54,42,58,57,50,93,38,70,54,25,37,75
1-Mar-16,87,85,89,95,91,92,91,89,89,94,28,45,91,49,73,63,29,76,80,81,94,75,12,50,36,50,72,60,12,68,64,47,65,49,59,83,76,78,70,68,34,45,32,33,72,31,21,53,69,73,52,32,78,52,4,37,30,39,34,57,40,28,52,38,51,42,19,28,15,10,71,19,58,64,81,6,10,31,56,75,38,65,37,55,55,55,85,27,62,56,27,36,71
1-Apr-16,89,89,92,97,91,96,91,100,94,95,28,40,97,45,75,73,26,84,83,86,98,68,18,45,38,50,71,55,11,68,63,48,66,54,59,81,73,73,67,58,35,45,34,33,70,30,21,56,69,69,52,34,78,53,9,34,30,37,32,55,40,26,57,35,52,41,18,27,14,10,69,14,50,61,77,7,9,32,58,76,18,63,38,56,58,59,85,29,61,51,24,39,71
1-May-16,87,88,91,96,89,95,92,94,93,97,29,38,99,38,72,86,24,91,83,92,100,62,19,57,39,50,70,53,13,70,65,47,70,56,64,82,75,74,69,55,36,46,34,32,72,30,21,58,70,74,56,32,80,55,3,36,27,36,33,62,45,22,62,35,54,39,20,26,14,10,64,12,57,60,74,7,10,31,63,81,21,60,41,55,62,61,87,30,64,51,35,36,70
1-Jun-16,86,87,92,95,87,95,88,88,93,95,29,39,98,33,69,96,22,95,78,96,96,64,11,66,42,52,65,57,11,71,64,46,66,53,62,76,72,70,66,48,38,44,38,31,69,29,21,59,69,73,58,30,76,57,3,37,24,34,29,57,42,25,69,36,51,42,17,23,14,10,64,13,55,58,77,5,10,31,68,81,15,55,37,53,64,59,89,25,62,52,54,35,69
1-Jul-16,87,89,94,95,89,93,92,89,92,98,28,36,93,33,69,90,23,90,77,92,95,60,8,34,32,50,59,58,10,67,62,43,70,50,64,82,71,70,63,46,34,44,36,29,66,31,22,54,79,71,55,30,73,56,3,31,23,35,31,59,39,19,65,35,52,41,18,22,14,11,63,10,52,59,74,5,8,32,68,77,40,49,41,53,68,58,84,25,64,49,24,34,66
1-Aug-16,88,85,92,96,90,91,88,86,89,95,27,40,85,38,71,87,25,85,73,89,89,71,10,48,27,48,57,62,11,62,61,43,65,50,62,71,70,67,61,43,32,43,28,24,63,29,19,50,69,67,56,26,71,53,3,30,24,33,25,60,40,17,58,34,52,37,17,21,13,9,63,12,44,56,73,4,9,29,62,69,21,50,41,52,63,53,75,25,62,45,24,33,66
1-Sep-16,92,85,92,95,94,96,91,88,93,93,27,53,93,55,75,77,36,82,75,91,92,79,18,34,31,49,61,70,13,70,65,49,64,63,67,75,74,72,64,44,34,47,29,28,66,29,20,55,77,72,62,28,78,56,4,35,28,48,33,58,56,19,54,39,53,40,16,19,14,11,81,11,50,60,79,5,10,30,60,73,30,65,42,59,68,51,83,27,65,51,20,36,73
1-Oct-16,99,85,96,96,98,98,96,89,93,93,26,79,91,76,79,67,55,78,76,89,97,96,14,45,39,53,68,74,13,72,64,56,66,68,64,74,75,70,64,48,32,50,33,28,67,29,19,57,71,75,63,34,79,61,3,43,22,39,40,55,73,20,52,41,55,39,16,18,16,11,89,13,44,55,75,5,9,30,63,71,43,58,39,58,75,47,84,26,65,59,23,34,82
1-Nov-16,97,87,94,95,100,89,90,86,94,92,25,100,87,91,81,69,80,76,75,87,94,100,14,64,35,62,68,75,12,81,70,69,82,76,65,80,82,79,70,48,42,48,36,26,73,36,21,66,74,80,69,34,85,79,3,53,21,39,31,87,100,17,59,47,58,44,18,19,16,11,91,13,59,55,80,5,11,31,76,83,100,58,44,77,92,67,85,33,76,71,21,32,88
1-Dec-16,100,87,95,95,98,87,95,87,100,92,24,99,93,100,87,76,100,78,72,88,97,99,15,100,39,75,70,84,11,95,87,82,100,100,80,80,95,97,89,55,52,56,39,24,90,42,25,71,80,95,83,33,96,94,3,71,21,47,35,97,68,15,71,57,69,50,18,20,16,13,89,12,65,61,94,5,10,36,85,100,27,60,54,100,100,71,95,39,98,88,17,37,100
1-Jan-17,92,85,88,93,97,87,93,85,90,91,25,78,83,73,79,57,52,67,72,74,84,99,14,86,44,51,66,79,11,76,63,57,72,72,65,76,75,74,66,54,36,54,34,25,68,28,20,61,76,76,71,41,76,58,5,35,19,35,35,56,52,22,54,47,65,52,18,15,16,14,98,12,45,61,83,5,9,32,58,77,56,62,41,72,84,47,90,28,81,63,33,39,83
1-Feb-17,91,88,88,97,97,91,96,90,96,92,26,58,87,66,76,61,41,73,76,79,87,83,14,61,32,49,69,84,10,79,69,50,71,67,68,75,74,71,72,49,33,58,32,25,73,27,20,59,77,81,78,33,74,54,4,34,23,34,44,59,48,19,51,44,61,45,18,14,16,12,84,12,48,60,79,6,9,30,51,72,35,62,40,65,77,48,98,31,86,54,29,40,88
1-Mar-17,91,91,89,100,97,94,98,90,94,93,26,50,89,62,75,66,33,78,76,84,90,69,14,57,38,48,69,91,11,73,64,47,66,61,63,75,77,70,71,45,32,61,29,26,74,26,19,59,77,73,79,30,78,52,3,35,18,31,34,55,46,22,54,44,59,43,18,14,15,12,80,12,42,62,78,4,9,28,50,71,24,57,35,60,70,53,92,24,76,52,27,39,87
1-Apr-17,92,93,91,99,97,99,100,94,95,98,27,43,98,56,78,77,29,85,79,89,92,68,21,30,41,46,58,97,9,71,63,45,67,62,62,75,72,67,69,45,33,76,28,26,72,25,19,61,74,74,85,29,76,52,3,34,21,32,29,52,45,21,56,40,63,41,17,13,15,11,71,10,40,57,76,5,8,29,53,72,15,58,35,56,73,56,93,24,74,48,25,37,78
1-May-17,90,93,89,99,94,96,96,91,94,97,28,40,99,47,74,87,26,92,81,94,94,62,6,60,43,47,62,92,9,75,64,45,68,76,67,75,74,71,71,46,37,100,30,27,73,25,21,61,75,73,89,30,78,53,3,35,20,31,30,62,46,16,60,42,63,45,19,13,16,12,71,11,45,57,76,5,9,29,54,78,16,56,37,53,80,59,96,25,78,48,26,36,81
1-Jun-17,90,92,94,98,92,99,97,88,95,97,28,37,100,43,73,100,24,100,79,100,94,63,11,41,43,50,61,96,9,76,65,45,73,66,70,75,71,76,68,43,35,67,25,26,68,25,23,65,84,77,97,27,77,60,3,36,17,32,27,51,46,19,73,42,65,44,18,12,17,11,74,10,44,55,79,4,8,30,60,82,16,58,35,55,88,58,100,22,81,49,27,40,76
1-Jul-17,91,92,100,100,95,100,97,87,97,100,29,40,100,45,72,98,25,97,77,98,93,63,16,34,31,51,70,100,11,76,64,44,78,64,71,75,72,71,70,43,34,67,25,27,73,26,23,65,77,77,100,28,78,58,3,37,16,31,31,55,46,17,72,42,76,48,18,11,17,16,76,10,41,56,85,4,8,30,63,79,13,58,36,55,94,56,100,23,89,51,17,39,76
